Workbook

Sheet Instructions
A1: P0-B input-mode technical blind review
A2: Reviewer ID
A3: Review date
A4: Reviewer role
A5: Prior unblinding exposure (Yes/No)
A6: Declaration: I have not viewed unblinding files.
A7: This review compares technical usability only; it does not assess cardiac-function classification.
A8: Albedo-like is not a physiological reflectance measurement.
A9: Do not access private unblinding files. Facial images remain identifiable clinical data for authorized internal review only.
A10: Complete all 12 cases independently before making any overall judgement. Do not select a mode from a single MAE or coverage value.
A11: Predeclared later decision rule: fewer Unusable cases, then more pairwise preferences, then higher overall usability without worse geometry or relighting identity preservation. A tie remains inconclusive.

Sheet Case_Review
A1: Blind Case ID | B1: Panel reviewed | C1: A usability | D1: B usability | E1: A face completeness | F1: B face completeness | G1: A geometry alignment | H1: B geometry alignment | I1: A appearance cleanliness | J1: B appearance cleanliness | K1: A relighting identity preservation | L1: B relighting identity preservation | M1: A overall technical usability | N1: B overall technical usability | O1: A primary failure tag | P1: B primary failure tag | Q1: Pairwise preference | R1: Preference confidence | S1: Comments
A2: BR01 | B2: Overview + relighting
A3: BR02 | B3: Overview + relighting
A4: BR03 | B4: Overview + relighting
A5: BR04 | B5: Overview + relighting
A6: BR05 | B6: Overview + relighting
A7: BR06 | B7: Overview + relighting
A8: BR07 | B8: Overview + relighting
A9: BR08 | B9: Overview + relighting
A10: BR09 | B10: Overview + relighting
A11: BR10 | B11: Overview + relighting
A12: BR11 | B12: Overview + relighting
A13: BR12 | B13: Overview + relighting

Sheet Lists
A1: Usability | B1: Score | C1: Failure | D1: Preference | E1: Confidence | F1: YesNo
A2: Usable | B2: 1 | C2: None | D2: A | E2: Low | F2: Yes
A3: Borderline | B3: 2 | C3: Face truncation | D3: B | E3: Medium | F3: No
A4: Unusable | B4: 3 | C4: Geometry misalignment | D4: Tie | E4: High
B5: 4 | C5: Background leakage | D5: Neither
B6: 5 | C6: Albedo/shading artifact
C7: Normal-map distortion
C8: Relighting instability
C9: Boundary/mask artifact
C10: Other

Sheet Summary
A1: Blind summary | B1: Value
A2: Completed cases | B2: =COUNTIF(Case_Review!C2:C13,"<>")
A3: A Usable | B3: =COUNTIF(Case_Review!C2:C13,"Usable")
A4: A Borderline | B4: =COUNTIF(Case_Review!C2:C13,"Borderline")
A5: A Unusable | B5: =COUNTIF(Case_Review!C2:C13,"Unusable")
A6: B Usable | B6: =COUNTIF(Case_Review!D2:D13,"Usable")
A7: B Borderline | B7: =COUNTIF(Case_Review!D2:D13,"Borderline")
A8: B Unusable | B8: =COUNTIF(Case_Review!D2:D13,"Unusable")
A9: A mean face completeness | B9: =AVERAGE(Case_Review!E2:E13)
A10: B mean face completeness | B10: =AVERAGE(Case_Review!F2:F13)
A11: A mean geometry alignment | B11: =AVERAGE(Case_Review!G2:G13)
A12: B mean geometry alignment | B12: =AVERAGE(Case_Review!H2:H13)
A13: A mean appearance cleanliness | B13: =AVERAGE(Case_Review!I2:I13)
A14: B mean appearance cleanliness | B14: =AVERAGE(Case_Review!J2:J13)
A15: A mean relighting identity | B15: =AVERAGE(Case_Review!K2:K13)
A16: B mean relighting identity | B16: =AVERAGE(Case_Review!L2:L13)
A17: A mean overall usability | B17: =AVERAGE(Case_Review!M2:M13)
A18: B mean overall usability | B18: =AVERAGE(Case_Review!N2:N13)
A19: Preference A | B19: =COUNTIF(Case_Review!Q2:Q13,"A")
A20: Preference B | B20: =COUNTIF(Case_Review!Q2:Q13,"B")
A21: Preference Tie | B21: =COUNTIF(Case_Review!Q2:Q13,"Tie")
A22: Preference Neither | B22: =COUNTIF(Case_Review!Q2:Q13,"Neither")
A23: Confidence Low | B23: =COUNTIF(Case_Review!R2:R13,"Low")
A24: Confidence Medium | B24: =COUNTIF(Case_Review!R2:R13,"Medium")
A25: Confidence High | B25: =COUNTIF(Case_Review!R2:R13,"High")
A26: Missing required fields | B26: =COUNTBLANK(Case_Review!C2:R13)
A27: Table complete | B27: =IF(COUNTBLANK(Case_Review!C2:R13)=0,"Yes","No")

Sheet Codebook
A1: Dimension | B1: Definition
A2: Face completeness | B2: Whether forehead, chin, and both cheeks are complete without crop loss.
A3: Geometry alignment | B3: Whether reconstructed features, contour, and pose agree with the input.
A4: Appearance cleanliness | B4: Whether albedo-like and shading-like outputs avoid background leakage, colour discontinuity, and boundary artifacts.
A5: Relighting identity preservation | B5: Whether fixed-light renders retain basic identity structure and facial shape.
A6: Overall technical usability | B6: Suitability for later fixed-batch representation generation; not classification quality.
A7: Scores | B7: 1 obvious failure; 2 poor; 3 acceptable with issues; 4 good; 5 excellent.
